0;0;0;0;land;false;unknown;0
1;128;237;162;land;false;plains;1
2;94;219;208;land;false;plains;1
3;181;229;198;land;true;plains;1
4;247;76;197;land;false;plains;1
5;212;198;143;land;false;plains;1
6;122;207;181;land;false;plains;1
7;236;199;88;land;true;plains;1
8;218;230;159;land;false;plains;1
9;217;168;245;land;false;plains;1
10;182;99;226;land;false;plains;1
11;209;97;238;land;true;plains;1
12;142;251;125;land;false;plains;1
13;230;181;108;land;true;plains;1
14;132;235;226;land;false;plains;1
15;165;221;224;land;false;plains;1
16;198;239;120;land;false;plains;1
17;202;175;126;land;true;plains;1
18;176;226;175;land;false;plains;1
19;238;192;139;land;false;plains;1
20;170;123;223;land;false;plains;1
21;214;250;248;land;false;plains;1
22;218;156;209;land;true;plains;1
23;101;209;244;land;false;plains;1
24;246;34;230;land;false;plains;1
25;35;249;253;land;false;plains;1
26;194;218;149;land;true;plains;1
27;220;149;240;land;true;plains;1
28;215;140;189;land;false;plains;1
29;251;174;182;land;false;plains;1
30;175;169;198;land;false;plains;1
31;178;184;147;land;true;plains;1
32;188;155;174;land;false;plains;1
33;123;226;247;land;true;plains;1
34;191;243;106;land;true;plains;1
35;194;248;79;land;false;plains;1
36;59;250;253;land;false;plains;1
37;144;208;177;land;true;plains;1
38;114;145;253;land;true;plains;1
39;172;211;133;land;false;plains;1
40;169;196;253;land;false;plains;1
41;219;100;233;land;true;plains;1
42;177;196;218;land;false;plains;1
43;225;195;149;land;false;plains;1
44;233;245;37;land;false;plains;1
45;152;140;242;land;false;plains;1
46;237;196;109;land;false;plains;1
47;240;228;67;land;true;plains;1
48;100;247;210;land;true;plains;1
49;213;245;63;land;false;plains;1
50;71;249;252;land;true;plains;1
51;200;213;243;land;false;plains;1
52;227;201;234;land;false;plains;1
53;45;250;241;land;true;plains;1
54;188;223;173;land;false;plains;1
55;236;229;40;land;false;plains;1
56;169;225;163;land;true;plains;1
57;252;216;57;land;false;plains;1
58;190;109;204;land;true;plains;1
59;165;176;162;land;false;plains;1
60;181;125;237;land;false;plains;1
61;147;237;227;land;false;plains;1
62;229;191;210;land;true;plains;1
63;110;210;238;land;false;plains;1
64;250;242;167;land;false;plains;1
65;217;227;129;land;false;plains;1
66;230;142;139;land;false;plains;1
67;234;202;128;land;false;plains;1
68;139;240;187;land;false;plains;1
69;252;222;95;land;false;plains;1
70;168;190;207;land;true;plains;1
71;138;204;247;land;false;plains;1
72;248;135;244;land;false;plains;1
73;240;161;213;land;false;plains;1
74;176;251;115;land;false;plains;1
75;235;227;43;land;false;plains;1
76;250;242;99;land;false;plains;1
77;244;106;250;land;true;plains;1
78;155;152;216;land;false;plains;1
79;248;238;121;land;true;plains;1
80;199;249;160;land;false;plains;1
81;234;253;46;land;false;plains;1
82;235;171;187;land;false;plains;1
83;227;226;142;land;false;plains;1
84;186;228;244;land;false;plains;1
85;171;179;218;land;false;plains;1
86;135;158;222;land;false;plains;1
87;240;213;130;land;true;plains;1
88;247;190;151;land;false;plains;1
89;251;196;76;land;false;plains;1
90;41;249;242;land;false;plains;1
91;164;224;187;land;false;plains;1
92;246;230;27;land;true;plains;1
93;220;135;154;land;false;plains;1
94;184;227;193;land;true;plains;1
95;247;38;221;land;true;plains;1
96;156;239;184;land;false;plains;1
97;254;87;197;land;false;plains;1
98;58;217;247;land;false;plains;1
99;122;254;218;land;false;plains;1
100;221;141;240;land;true;plains;1
101;134;244;164;land;false;plains;1
102;216;192;141;land;true;plains;1
103;109;214;230;land;false;plains;1
104;227;106;201;land;true;plains;1
105;198;250;78;land;false;plains;1
106;129;139;233;land;true;plains;1
107;178;234;181;land;false;plains;1
108;245;217;71;land;false;plains;1
109;198;153;231;land;true;plains;1
110;175;220;239;land;false;plains;1
111;76;232;243;land;false;plains;1
112;252;254;129;land;false;plains;1
113;141;212;243;land;false;plains;1
114;173;143;238;land;true;plains;1
115;175;210;149;land;false;plains;1
116;217;182;244;land;false;plains;1
117;147;251;171;land;true;plains;1
118;212;181;185;land;false;plains;1
119;91;209;233;land;false;plains;1
120;248;247;252;land;true;plains;1
121;111;184;241;land;false;plains;1
122;196;216;187;land;false;plains;1
123;240;197;182;land;true;plains;1
124;225;105;183;land;false;plains;1
125;142;166;197;land;false;plains;1
126;199;156;182;land;false;plains;1
127;152;169;213;land;true;plains;1
128;237;207;122;land;false;plains;1
129;125;190;194;land;false;plains;1
130;242;178;189;land;false;plains;1
131;213;127;192;land;false;plains;1
132;144;230;164;land;true;plains;1
133;138;254;158;land;false;plains;1
134;234;119;213;land;true;plains;1
135;194;138;220;land;false;plains;1
136;191;209;116;land;false;plains;1
137;216;118;205;land;true;plains;1
138;220;151;153;land;true;plains;1
139;216;171;252;land;true;plains;1
140;181;146;180;land;true;plains;1
141;196;147;216;land;false;plains;1
142;160;246;111;land;false;plains;1
143;207;134;164;land;false;plains;1
144;102;209;223;land;true;plains;1
145;244;160;165;land;false;plains;1
146;191;214;191;land;true;plains;1
147;220;195;131;land;false;plains;1
148;245;235;57;land;false;plains;1
149;237;253;170;land;false;plains;1
150;180;251;192;land;false;plains;1
151;241;191;239;land;false;plains;1
152;237;211;163;land;false;plains;1
153;155;232;196;land;false;plains;1
154;220;174;196;land;true;plains;1
155;254;250;210;land;false;plains;1
156;238;179;248;land;true;plains;1
157;152;219;192;land;false;plains;1
158;102;153;247;land;false;plains;1
159;172;249;115;land;false;plains;1
160;202;217;227;land;false;plains;1
161;186;164;171;land;false;plains;1
162;250;235;217;land;true;plains;1
163;230;194;139;land;true;plains;1
164;246;207;117;land;false;plains;1
165;123;247;169;land;true;plains;1
166;155;170;179;land;false;plains;1
167;241;200;111;land;false;plains;1
168;217;243;124;land;false;plains;1
169;161;228;119;land;false;plains;1
170;115;172;226;land;false;plains;1
171;159;112;247;land;true;plains;1
172;248;237;157;land;false;plains;1
173;170;239;244;land;false;plains;1
174;171;132;221;land;true;plains;1
175;227;114;229;land;false;plains;1
176;183;197;182;land;true;plains;1
177;233;217;145;land;true;plains;1
178;251;207;169;land;false;plains;1
179;199;170;135;land;false;plains;1
180;213;109;194;land;false;plains;1
181;204;206;119;land;false;plains;1
182;233;175;157;land;false;plains;1
183;216;138;204;land;false;plains;1
184;246;61;217;land;false;plains;1
185;236;252;124;land;false;plains;1
186;120;242;247;land;false;plains;1
187;192;85;254;land;false;plains;1
188;230;253;72;land;true;plains;1
189;126;171;252;land;true;plains;1
190;219;98;207;land;false;plains;1
191;75;216;244;land;false;plains;1
192;125;200;215;land;false;plains;1
193;239;107;179;land;true;plains;1
194;216;168;135;land;false;plains;1
195;248;149;190;land;false;plains;1
196;196;131;185;land;true;plains;1
197;192;233;207;land;false;plains;1
198;185;225;219;land;false;plains;1
199;208;204;211;land;true;plains;1
200;107;174;240;land;true;plains;1
201;161;203;141;land;false;plains;1
202;157;221;234;land;false;plains;1
203;193;184;191;land;true;plains;1
204;164;189;207;land;true;plains;1
205;227;153;158;land;true;plains;1
206;252;169;213;land;true;plains;1
207;49;239;223;land;false;plains;1
208;212;197;165;land;true;plains;1
209;165;245;243;land;false;plains;1
210;189;191;156;land;false;plains;1
211;222;195;196;land;true;plains;1
212;222;228;85;land;false;plains;1
213;183;157;230;land;false;plains;1
214;226;68;236;land;false;plains;1
215;204;235;244;land;false;plains;1
216;175;226;232;land;false;plains;1
217;227;233;72;land;false;plains;1
218;238;185;180;land;false;plains;1
219;198;179;136;land;false;plains;1
220;198;252;171;land;false;plains;1
221;240;239;254;land;false;plains;1
222;243;188;218;land;false;plains;1
223;157;227;151;land;false;plains;1
224;244;84;229;land;false;plains;1
225;179;247;156;land;false;plains;1
226;217;249;200;land;false;plains;1
227;162;253;181;land;false;plains;1
228;203;161;170;land;false;plains;1
229;117;239;233;land;false;plains;1
230;162;188;197;land;true;plains;1
231;249;153;177;land;true;plains;1
232;253;25;234;land;false;plains;1
233;228;232;245;land;false;plains;1
234;231;141;146;land;true;plains;1
235;142;182;196;land;false;plains;1
236;238;99;223;land;false;plains;1
237;85;237;215;land;true;plains;1
238;234;241;46;land;false;plains;1
239;215;226;151;land;false;plains;1
240;247;162;223;land;false;plains;1
241;35;217;252;land;false;plains;1
242;213;81;246;land;true;plains;1
243;252;97;186;land;false;plains;1
244;232;238;51;land;true;plains;1
245;207;212;197;land;true;plains;1
246;143;244;205;land;false;plains;1
247;155;185;186;land;false;plains;1
248;206;173;163;land;false;plains;1
249;218;121;184;land;false;plains;1
250;193;180;194;land;false;plains;1
251;144;160;223;land;true;plains;1
252;154;254;108;land;false;plains;1
253;149;226;250;land;false;plains;1
254;192;224;165;land;false;plains;1
255;215;231;138;land;false;plains;1
256;213;108;214;land;false;plains;1
257;244;249;194;land;false;plains;1
258;143;244;131;land;true;plains;1
259;142;228;247;land;false;plains;1
260;173;220;140;land;false;plains;1
261;227;171;112;land;false;plains;1
262;151;172;185;land;false;plains;1
263;237;169;103;land;false;plains;1
264;234;137;241;land;false;plains;1
265;220;193;230;land;false;plains;1
266;213;102;195;land;false;plains;1
267;226;143;171;land;false;plains;1
268;62;232;244;land;false;plains;1
269;111;229;183;land;false;plains;1
270;210;193;241;land;false;plains;1
271;213;80;244;land;false;plains;1
272;202;227;146;land;false;plains;1
273;207;242;183;land;false;plains;1
274;208;166;146;land;true;plains;1
275;197;178;175;land;true;plains;1
276;252;131;236;land;false;plains;1
277;145;231;211;land;true;plains;1
278;226;251;144;land;false;plains;1
279;254;165;183;land;true;plains;1
280;203;217;127;land;true;plains;1
281;198;203;196;land;true;plains;1
282;244;114;233;land;false;plains;1
283;208;162;187;land;true;plains;1
284;233;247;104;land;true;plains;1
285;222;178;199;land;false;plains;1
286;228;216;142;land;false;plains;1
287;252;225;197;land;true;plains;1
288;240;208;231;land;false;plains;1
289;159;232;122;land;true;plains;1
290;206;170;161;land;false;plains;1
291;215;163;123;land;false;plains;1
292;105;247;159;land;false;plains;1
293;232;250;163;land;false;plains;1
294;196;171;184;land;false;plains;1
295;252;203;70;land;false;plains;1
296;181;114;229;land;false;plains;1
297;181;206;158;land;false;plains;1
298;167;186;189;land;false;plains;1
299;243;224;158;land;false;plains;1
300;138;180;242;land;false;plains;1
301;173;143;221;land;true;plains;1
302;157;222;122;land;false;plains;1
303;211;190;178;land;false;plains;1
304;168;211;167;land;false;plains;1
305;196;179;166;land;false;plains;1
306;224;134;234;land;false;plains;1
307;126;189;188;land;false;plains;1
308;221;176;189;land;true;plains;1
309;199;165;191;land;true;plains;1
310;230;155;142;land;false;plains;1
311;251;121;193;land;false;plains;1
312;194;189;223;land;false;plains;1
313;245;222;124;land;false;plains;1
314;204;209;176;land;false;plains;1
315;253;217;109;land;true;plains;1
316;232;81;196;land;false;plains;1
317;200;143;239;land;false;plains;1
318;167;156;197;land;false;plains;1
319;181;185;254;land;false;plains;1
320;225;243;73;land;false;plains;1
321;249;252;213;land;false;plains;1
322;108;212;199;land;true;plains;1
323;150;163;215;land;true;plains;1
324;103;219;198;land;true;plains;1
325;215;248;113;land;true;plains;1
326;204;195;132;land;false;plains;1
327;233;245;35;land;false;plains;1
328;173;193;169;land;false;plains;1
329;209;167;226;land;false;plains;1
330;248;247;237;land;false;plains;1
331;191;92;229;land;false;plains;1
332;137;225;216;land;true;plains;1
333;198;195;163;land;false;plains;1
334;181;138;226;land;false;plains;1
335;238;226;244;land;true;plains;1
336;224;145;243;land;true;plains;1
337;178;221;150;land;true;plains;1
338;224;249;39;land;false;plains;1
339;234;232;40;land;false;plains;1
340;228;134;215;land;false;plains;1
341;185;91;225;land;false;plains;1
342;152;223;225;land;true;plains;1
343;217;127;215;land;false;plains;1
344;224;170;232;land;false;plains;1
345;236;219;237;land;false;plains;1
346;250;105;252;land;false;plains;1
347;246;126;218;land;false;plains;1
348;244;230;32;land;true;plains;1
349;216;169;218;land;true;plains;1
350;173;227;212;land;false;plains;1
351;238;170;93;land;false;plains;1
352;245;225;108;land;false;plains;1
353;194;175;151;land;false;plains;1
354;246;206;166;land;false;plains;1
355;168;206;166;land;true;plains;1
356;242;177;211;land;false;plains;1
357;231;186;214;land;false;plains;1
358;197;186;153;land;false;plains;1
359;247;93;193;land;true;plains;1
360;235;171;184;land;false;plains;1
361;157;229;250;land;true;plains;1
362;143;184;208;land;false;plains;1
363;207;174;173;land;false;plains;1
364;245;186;141;land;false;plains;1
365;192;196;209;land;false;plains;1
366;209;119;179;land;false;plains;1
367;150;234;163;land;false;plains;1
368;167;202;216;land;true;plains;1
369;253;64;216;land;false;plains;1
370;155;252;153;land;true;plains;1
371;220;244;110;land;true;plains;1
372;210;196;194;land;false;plains;1
373;225;149;134;land;true;plains;1
374;193;116;250;land;true;plains;1
375;139;248;218;land;false;plains;1
376;220;120;197;land;false;plains;1
377;244;152;204;land;false;plains;1
378;234;88;198;land;false;plains;1
379;232;233;188;land;false;plains;1
380;189;240;233;land;true;plains;1
381;106;241;249;land;false;plains;1
382;221;222;153;land;false;plains;1
383;168;133;230;land;false;plains;1
384;154;246;125;land;true;plains;1
385;107;233;225;land;false;plains;1
386;128;220;195;land;false;plains;1
387;153;144;250;land;true;plains;1
388;214;238;139;land;false;plains;1
389;159;111;249;land;false;plains;1
390;154;208;234;land;false;plains;1
391;212;58;238;land;false;plains;1
392;219;210;152;land;true;plains;1
393;167;218;239;land;false;plains;1
394;237;126;148;land;true;plains;1
395;226;254;35;land;false;plains;1
396;153;160;237;land;true;plains;1
397;247;140;224;land;false;plains;1
398;178;246;136;land;false;plains;1
399;148;234;202;land;true;plains;1
400;220;248;89;land;false;plains;1
401;192;169;193;land;true;plains;1
402;184;225;220;land;true;plains;1
403;242;199;190;land;false;plains;1
404;194;222;245;land;true;plains;1
405;154;226;125;land;false;plains;1
406;183;238;208;land;false;plains;1
407;213;235;91;land;true;plains;1
408;248;240;144;land;true;plains;1
409;135;245;179;land;false;plains;1
410;193;206;204;land;true;plains;1
411;197;181;193;land;false;plains;1
412;240;137;238;land;true;plains;1
413;190;234;235;land;true;plains;1
414;50;253;209;land;false;plains;1
415;142;109;252;land;true;plains;1
416;133;168;225;land;true;plains;1
417;243;86;237;land;false;plains;1
418;225;233;223;land;true;plains;1
419;182;117;214;land;true;plains;1
420;77;233;218;land;true;plains;1
421;157;167;184;land;false;plains;1
422;236;47;238;land;false;plains;1
423;244;239;121;land;true;plains;1
424;163;241;201;land;false;plains;1
425;181;96;237;land;true;plains;1
426;251;96;219;land;true;plains;1
427;170;81;251;land;false;plains;1
428;132;186;193;land;false;plains;1
429;197;211;160;land;false;plains;1
430;251;61;239;land;false;plains;1
431;239;228;161;land;false;plains;1
432;187;235;214;land;false;plains;1
433;216;57;240;land;false;plains;1
434;239;210;230;land;true;plains;1
435;207;117;194;land;true;plains;1
436;135;202;222;land;false;plains;1
437;128;224;182;land;false;plains;1
438;176;128;230;land;false;plains;1
439;111;161;233;land;true;plains;1
440;191;237;219;land;false;plains;1
441;239;85;222;land;true;plains;1
442;187;246;111;land;false;plains;1
443;176;203;205;land;false;plains;1
444;211;242;167;land;true;plains;1
445;71;231;250;land;false;plains;1
446;235;190;91;land;false;plains;1
447;252;198;156;land;false;plains;1
448;235;246;68;land;false;plains;1
449;231;233;81;land;false;plains;1
450;232;153;211;land;false;plains;1
451;210;141;226;land;true;plains;1
452;193;229;198;land;false;plains;1
453;151;158;253;land;false;plains;1
454;102;233;181;land;true;plains;1
455;172;130;236;land;true;plains;1
456;219;235;244;land;false;plains;1
457;83;218;218;land;true;plains;1
458;250;254;145;land;true;plains;1
459;132;159;249;land;true;plains;1
460;177;241;95;land;true;plains;1
461;135;201;245;land;true;plains;1
462;249;120;221;land;false;plains;1
463;118;254;177;land;false;plains;1
464;106;177;220;land;true;plains;1
465;221;159;141;land;false;plains;1
466;185;143;192;land;false;plains;1
467;229;197;78;land;true;plains;1
468;166;253;200;land;false;plains;1
469;185;250;143;land;false;plains;1
470;159;192;236;land;false;plains;1
471;160;240;148;land;false;plains;1
472;164;135;205;land;true;plains;1
473;213;118;207;land;false;plains;1
474;175;206;123;land;false;plains;1
475;148;191;196;land;true;plains;1
476;253;253;151;land;true;plains;1
477;181;236;172;land;false;plains;1
478;167;185;245;land;false;plains;1
479;191;193;186;land;false;plains;1
480;227;200;86;land;false;plains;1
481;200;111;202;land;true;plains;1
482;142;166;219;land;false;plains;1
483;225;196;219;land;true;plains;1
484;186;116;200;land;false;plains;1
485;248;175;219;land;false;plains;1
486;172;245;192;land;false;plains;1
487;176;214;230;land;true;plains;1
488;180;159;213;land;false;plains;1
489;140;122;247;land;false;plains;1
490;77;203;226;land;false;plains;1
491;243;55;221;land;false;plains;1
492;130;171;245;land;true;plains;1
493;102;208;206;land;false;plains;1
494;227;161;183;land;false;plains;1
495;188;208;176;land;false;plains;1
496;207;118;237;land;false;plains;1
497;237;205;241;land;false;plains;1
498;227;123;165;land;false;plains;1
499;217;192;127;land;true;plains;1
500;231;212;202;land;false;plains;1
501;238;175;254;land;false;plains;1
502;217;240;175;land;true;plains;1
503;246;66;204;land;true;plains;1
504;205;203;161;land;true;plains;1
505;235;247;131;land;false;plains;1
506;173;251;133;land;false;plains;1
507;157;247;140;land;false;plains;1
508;234;195;72;land;false;plains;1
509;181;125;240;land;false;plains;1
510;51;231;237;land;false;plains;1
511;230;184;224;land;false;plains;1
512;218;157;180;land;false;plains;1
513;223;163;242;land;true;plains;1
514;208;216;108;land;true;plains;1
515;250;148;190;land;false;plains;1
516;249;36;221;land;false;plains;1
517;73;224;227;land;true;plains;1
518;108;230;201;land;true;plains;1
519;146;226;182;land;false;plains;1
520;247;40;217;land;false;plains;1
521;164;254;218;land;false;plains;1
522;243;116;186;land;false;plains;1
523;168;114;247;land;false;plains;1
524;225;67;227;land;false;plains;1
525;252;170;116;land;true;plains;1
526;210;148;157;land;false;plains;1
527;179;207;183;land;false;plains;1
528;217;235;97;land;false;plains;1
529;254;211;125;land;false;plains;1
530;183;249;175;land;false;plains;1
531;188;242;196;land;false;plains;1
532;174;159;201;land;true;plains;1
533;204;244;135;land;false;plains;1
534;180;115;228;land;true;plains;1
535;193;187;207;land;false;plains;1
536;183;248;114;land;false;plains;1
537;80;192;236;land;false;plains;1
538;191;85;232;land;false;plains;1
539;54;231;254;land;true;plains;1
540;212;167;209;land;true;plains;1
541;186;126;197;land;true;plains;1
542;247;252;115;land;true;plains;1
543;161;207;249;land;true;plains;1
544;229;159;160;land;true;plains;1
545;176;189;170;land;false;plains;1
546;143;237;184;land;false;plains;1
547;207;216;146;land;false;plains;1
548;219;184;247;land;false;plains;1
549;172;240;153;land;false;plains;1
550;239;114;177;land;false;plains;1
551;248;44;244;land;true;plains;1
552;249;167;105;land;false;plains;1
553;109;190;206;land;true;plains;1
554;95;170;244;land;false;plains;1
555;135;126;252;land;true;plains;1
556;129;230;202;land;true;plains;1
557;230;52;237;land;false;plains;1
558;209;186;183;land;false;plains;1
559;193;235;96;land;true;plains;1
560;149;170;188;land;false;plains;1
561;191;200;138;land;false;plains;1
562;185;153;163;land;false;plains;1
563;135;182;229;land;false;plains;1
564;233;127;204;land;false;plains;1
565;172;176;200;land;false;plains;1
566;229;78;253;land;false;plains;1
567;173;153;231;land;true;plains;1
568;245;242;225;land;false;plains;1
569;229;230;43;land;false;plains;1
570;174;192;221;land;false;plains;1
571;141;178;242;land;true;plains;1
572;242;87;217;land;false;plains;1
573;232;87;232;land;false;plains;1
574;229;117;212;land;true;plains;1
575;215;251;125;land;false;plains;1
576;218;180;142;land;true;plains;1
577;155;228;187;land;true;plains;1
578;118;215;187;land;false;plains;1
579;159;227;159;land;false;plains;1
580;203;160;226;land;false;plains;1
581;179;211;195;land;false;plains;1
582;219;254;105;land;false;plains;1
583;195;123;220;land;false;plains;1
584;254;233;17;land;true;plains;1
585;215;168;165;land;true;plains;1
586;236;94;213;land;true;plains;1
587;242;136;250;land;false;plains;1
588;245;207;105;land;false;plains;1
589;221;187;240;land;true;plains;1
590;152;243;187;land;false;plains;1
591;238;228;84;land;false;plains;1
592;176;226;197;land;false;plains;1
593;162;216;202;land;false;plains;1
594;220;174;210;land;false;plains;1
595;206;195;226;land;false;plains;1
596;179;170;155;land;true;plains;1
597;254;160;197;land;false;plains;1
598;191;195;140;land;true;plains;1
599;209;239;196;land;false;plains;1
600;249;247;185;land;false;plains;1
601;223;186;185;land;true;plains;1
602;191;241;139;land;true;plains;1
603;229;81;213;land;false;plains;1
604;189;206;151;land;false;plains;1
605;201;214;99;land;true;plains;1
606;183;251;177;land;false;plains;1
607;184;144;242;land;true;plains;1
608;224;177;251;land;false;plains;1
609;132;243;179;land;false;plains;1
610;177;149;236;land;false;plains;1
611;248;230;124;land;false;plains;1
612;240;247;113;land;true;plains;1
613;207;214;103;land;true;plains;1
614;230;182;246;land;true;plains;1
615;183;164;167;land;false;plains;1
616;192;107;222;land;true;plains;1
617;168;250;153;land;false;plains;1
618;219;195;228;land;false;plains;1
619;239;220;57;land;true;plains;1
620;37;249;231;land;false;plains;1
621;141;190;176;land;false;plains;1
622;156;192;253;land;false;plains;1
623;218;195;112;land;false;plains;1
624;85;237;233;land;false;plains;1
625;154;200;218;land;false;plains;1
626;187;132;203;land;true;plains;1
627;187;170;233;land;true;plains;1
628;183;212;165;land;false;plains;1
629;238;196;89;land;false;plains;1
630;191;158;240;land;true;plains;1
631;154;212;174;land;true;plains;1
632;72;195;244;land;false;plains;1
633;245;157;122;land;true;plains;1
634;84;226;219;land;false;plains;1
635;218;163;143;land;false;plains;1
636;136;218;154;land;false;plains;1
637;216;159;178;land;false;plains;1
638;246;195;182;land;true;plains;1
639;193;242;156;land;false;plains;1
640;237;247;163;land;false;plains;1
641;184;200;124;land;false;plains;1
642;171;160;220;land;true;plains;1
643;234;192;97;land;true;plains;1
644;247;172;120;land;false;plains;1
645;148;253;222;land;false;plains;1
646;217;210;234;land;true;plains;1
647;172;203;200;land;false;plains;1
648;236;104;242;land;false;plains;1
649;131;178;207;land;true;plains;1
650;236;195;225;land;false;plains;1
651;128;219;231;land;false;plains;1
652;153;242;165;land;true;plains;1
653;253;172;116;land;false;plains;1
654;252;235;27;land;false;plains;1
655;214;177;168;land;true;plains;1
656;252;64;229;land;false;plains;1
657;182;235;233;land;true;plains;1
658;250;179;183;land;true;plains;1
659;57;254;201;land;false;plains;1
660;188;226;116;land;true;plains;1
661;194;85;252;land;true;plains;1
662;253;100;253;land;false;plains;1
663;173;224;232;land;false;plains;1
664;208;150;178;land;false;plains;1
665;250;216;119;land;false;plains;1
666;135;205;212;land;true;plains;1
667;219;65;237;land;false;plains;1
668;217;194;236;land;true;plains;1
669;248;143;157;land;true;plains;1
670;206;119;228;land;true;plains;1
671;83;247;222;land;false;plains;1
672;203;244;185;land;false;plains;1
673;231;58;239;land;false;plains;1
674;225;137;196;land;true;plains;1
675;220;228;121;land;true;plains;1
676;242;239;247;land;true;plains;1
677;251;164;245;land;true;plains;1
678;178;179;191;land;false;plains;1
679;121;230;212;land;false;plains;1
680;163;186;231;land;true;plains;1
681;225;201;219;land;false;plains;1
682;247;240;20;land;true;plains;1
683;253;70;240;land;true;plains;1
684;220;177;121;land;true;plains;1
685;170;238;206;land;true;plains;1
686;247;193;187;land;false;plains;1
687;172;249;131;land;false;plains;1
688;216;253;172;land;true;plains;1
689;173;211;203;land;true;plains;1
690;235;127;191;land;true;plains;1
691;214;114;222;land;false;plains;1
692;230;247;197;land;false;plains;1
693;244;72;233;land;true;plains;1
694;20;254;248;land;true;plains;1
695;181;231;121;land;true;plains;1
696;212;172;180;land;false;plains;1
697;214;91;231;land;true;plains;1
698;129;243;138;land;true;plains;1
699;118;254;210;land;false;plains;1
700;210;206;117;land;false;plains;1
701;143;229;169;land;false;plains;1
702;55;250;204;land;false;plains;1
703;111;206;243;land;true;plains;1
704;254;109;245;land;false;plains;1
705;204;164;168;land;true;plains;1
706;122;222;159;land;true;plains;1
707;154;189;239;land;false;plains;1
708;98;204;240;land;false;plains;1
709;229;140;165;land;false;plains;1
710;129;176;212;land;false;plains;1
711;165;239;193;land;false;plains;1
712;63;213;231;land;false;plains;1
713;233;173;186;land;false;plains;1
714;216;239;49;land;false;plains;1
715;55;243;221;land;true;plains;1
716;157;206;199;land;false;plains;1
717;175;108;243;land;true;plains;1
718;171;169;247;land;true;plains;1
719;94;216;248;land;false;plains;1
720;129;192;205;land;true;plains;1
721;238;84;182;land;false;plains;1
722;208;92;223;land;false;plains;1
723;155;253;147;land;false;plains;1
724;191;168;245;land;false;plains;1
725;251;89;233;land;false;plains;1
726;246;96;185;land;false;plains;1
727;222;203;227;land;true;plains;1
728;217;181;151;land;false;plains;1
729;137;188;251;land;false;plains;1
730;196;102;225;land;false;plains;1
731;218;139;240;land;false;plains;1
732;150;183;171;land;false;plains;1
733;94;227;241;land;true;plains;1
734;206;230;218;land;true;plains;1
735;203;225;179;land;false;plains;1
736;245;237;50;land;false;plains;1
737;153;211;180;land;true;plains;1
738;249;184;83;land;true;plains;1
739;221;245;140;land;false;plains;1
740;241;144;132;land;true;plains;1
741;253;152;215;land;false;plains;1
742;252;218;97;land;false;plains;1
743;242;219;163;land;false;plains;1
744;252;150;203;land;true;plains;1
745;245;74;207;land;true;plains;1
746;163;170;199;land;false;plains;1
747;196;176;233;land;false;plains;1
748;249;218;224;land;false;plains;1
749;178;144;208;land;false;plains;1
750;246;110;246;land;false;plains;1
751;240;98;201;land;true;plains;1
752;198;200;200;land;true;plains;1
753;214;235;223;land;true;plains;1
754;229;96;213;land;true;plains;1
755;184;211;191;land;false;plains;1
756;147;222;160;land;true;plains;1
757;242;206;222;land;true;plains;1
758;193;109;206;land;true;plains;1
759;239;194;170;land;true;plains;1
760;235;178;212;land;false;plains;1
761;198;115;212;land;false;plains;1
762;236;158;161;land;true;plains;1
763;44;238;240;land;false;plains;1
764;234;139;225;land;true;plains;1
765;202;251;124;land;false;plains;1
766;194;147;221;land;false;plains;1
767;174;205;174;land;false;plains;1
768;239;72;198;land;false;plains;1
769;226;118;249;land;false;plains;1
770;226;232;63;land;false;plains;1
771;201;232;96;land;false;plains;1
772;208;240;97;land;false;plains;1
773;170;188;246;land;false;plains;1
774;217;118;229;land;false;plains;1
775;254;141;241;land;false;plains;1
776;249;119;134;land;false;plains;1
777;85;227;212;land;true;plains;1
778;128;232;196;land;true;plains;1
779;246;237;156;land;false;plains;1
780;136;222;196;land;true;plains;1
781;156;215;237;land;false;plains;1
782;221;247;55;land;false;plains;1
783;198;206;218;land;true;plains;1
784;216;179;144;land;true;plains;1
785;216;177;183;land;true;plains;1
786;215;171;251;land;true;plains;1
787;243;218;89;land;false;plains;1
788;215;217;69;land;true;plains;1
789;202;175;208;land;true;plains;1
790;234;165;166;land;false;plains;1
791;127;172;206;land;true;plains;1
792;191;245;136;land;true;plains;1
793;78;231;249;land;true;plains;1
794;184;185;217;land;true;plains;1
795;184;229;95;land;true;plains;1
796;171;253;111;land;true;plains;1
797;210;58;236;land;true;plains;1
798;223;173;133;land;true;plains;1
799;84;252;169;land;true;plains;1
800;232;54;239;land;true;plains;1
801;42;251;208;land;true;plains;1
802;183;233;184;land;false;plains;1
803;242;70;195;land;true;plains;1
804;234;38;248;land;true;plains;1
805;252;247;239;land;true;plains;1
806;171;199;175;land;false;plains;1
807;233;187;226;land;false;plains;1
808;128;243;201;land;false;plains;1
809;217;90;203;land;false;plains;1
810;197;137;206;land;false;plains;1
811;82;208;214;land;false;plains;1
812;247;154;141;land;false;plains;1
813;118;220;172;land;true;plains;1
814;119;217;221;land;false;plains;1
815;234;201;169;land;false;plains;1
816;82;254;189;land;true;plains;1
817;120;243;180;land;true;plains;1
818;95;190;243;land;false;plains;1
819;177;253;93;land;true;plains;1
820;223;192;134;land;false;plains;1
821;111;231;181;land;true;plains;1
822;103;233;171;land;true;plains;1
823;249;247;128;land;true;plains;1
824;223;229;123;land;false;plains;1
825;136;150;216;land;false;plains;1
826;144;228;223;land;false;plains;1
827;208;213;91;land;false;plains;1
828;101;185;234;land;true;plains;1
829;247;180;191;land;false;plains;1
830;147;216;159;land;false;plains;1
831;76;223;212;land;false;plains;1
832;235;152;209;land;false;plains;1
833;247;205;145;land;true;plains;1
834;199;242;87;land;true;plains;1
835;144;243;142;land;false;plains;1
836;240;231;154;land;true;plains;1
837;110;225;223;land;true;plains;1
838;167;250;242;land;false;plains;1
839;254;77;232;land;true;plains;1
840;165;139;249;land;false;plains;1
841;254;175;144;land;false;plains;1
842;246;126;163;land;false;plains;1
843;232;120;226;land;false;plains;1
844;116;226;244;land;false;plains;1
845;171;201;189;land;false;plains;1
846;225;104;183;land;false;plains;1
847;231;178;209;land;false;plains;1
848;200;180;232;land;false;plains;1
849;96;251;173;land;false;plains;1
850;182;245;197;land;false;plains;1
851;154;173;224;land;false;plains;1
852;154;209;151;land;false;plains;1
853;137;239;246;land;true;plains;1
854;250;144;126;land;false;plains;1
855;217;221;165;land;false;plains;1
856;243;217;234;land;false;plains;1
857;223;123;232;land;false;plains;1
858;121;207;178;land;false;plains;1
859;194;172;143;land;false;plains;1
860;224;113;175;land;true;plains;1
861;175;222;180;land;false;plains;1
862;174;248;128;land;false;plains;1
863;173;186;245;land;false;plains;1
864;156;185;230;land;false;plains;1
865;124;215;183;land;false;plains;1
866;243;221;107;land;false;plains;1
867;179;252;194;land;false;plains;1
868;241;218;221;land;true;plains;1
869;141;130;235;land;false;plains;1
870;241;253;140;land;false;plains;1
871;141;228;197;land;false;plains;1
872;254;207;236;land;true;plains;1
873;253;93;169;land;true;plains;1
874;232;89;225;land;false;plains;1
875;171;188;248;land;false;plains;1
876;233;159;198;land;false;plains;1
877;246;234;122;land;false;plains;1
878;224;176;108;land;false;plains;1
879;116;245;163;land;false;plains;1
880;240;220;110;land;true;plains;1
881;242;206;137;land;false;plains;1
882;197;231;251;land;false;plains;1
883;180;204;209;land;false;plains;1
884;212;207;86;land;true;plains;1
885;126;248;195;land;true;plains;1
886;152;225;225;land;false;plains;1
887;115;224;226;land;false;plains;1
888;187;182;162;land;false;plains;1
889;223;116;181;land;false;plains;1
890;196;194;252;land;true;plains;1
891;166;241;245;land;false;plains;1
892;199;186;217;land;false;plains;1
893;238;176;93;land;false;plains;1
894;212;208;171;land;false;plains;1
895;199;215;242;land;false;plains;1
896;252;72;217;land;false;plains;1
897;241;229;184;land;true;plains;1
898;116;158;229;land;true;plains;1
899;230;90;218;land;true;plains;1
900;142;215;201;land;false;plains;1
901;173;196;220;land;false;plains;1
902;169;101;243;land;false;plains;1
903;164;162;221;land;false;plains;1
904;242;236;112;land;false;plains;1
905;216;214;186;land;true;plains;1
906;225;210;175;land;false;plains;1
907;249;132;187;land;false;plains;1
908;230;156;139;land;true;plains;1
909;185;237;233;land;false;plains;1
910;87;206;229;land;false;plains;1
911;232;220;199;land;false;plains;1
912;197;84;232;land;false;plains;1
913;237;164;133;land;false;plains;1
914;227;80;248;land;true;plains;1
915;162;195;231;land;false;plains;1
916;219;205;125;land;false;plains;1
917;236;190;81;land;false;plains;1
918;163;194;211;land;false;plains;1
919;133;145;231;land;false;plains;1
920;195;233;231;land;false;plains;1
921;123;209;199;land;false;plains;1
922;134;239;196;land;false;plains;1
923;208;242;122;land;false;plains;1
924;126;225;229;land;false;plains;1
925;247;177;153;land;true;plains;1
926;239;247;110;land;false;plains;1
927;211;184;163;land;true;plains;1
928;176;202;136;land;false;plains;1
929;170;172;166;land;false;plains;1
930;122;226;160;land;true;plains;1
931;245;219;210;land;false;plains;1
932;155;165;185;land;false;plains;1
933;187;210;240;land;false;plains;1
934;134;228;152;land;true;plains;1
935;250;223;238;land;false;plains;1
936;62;200;241;land;false;plains;1
937;212;212;254;land;true;plains;1
938;80;250;216;land;true;plains;1
939;252;228;195;land;false;plains;1
940;90;214;209;land;false;plains;1
941;228;168;162;land;true;plains;1
942;174;183;201;land;false;plains;1
943;157;139;241;land;false;plains;1
944;229;118;177;land;false;plains;1
945;163;162;232;land;false;plains;1
946;215;133;215;land;false;plains;1
947;145;200;198;land;false;plains;1
948;233;143;226;land;false;plains;1
949;211;210;213;land;false;plains;1
950;154;253;179;land;true;plains;1
951;193;239;109;land;false;plains;1
952;231;199;123;land;false;plains;1
953;224;254;50;land;false;plains;1
954;189;240;133;land;false;plains;1
955;112;234;216;land;false;plains;1
956;158;235;143;land;true;plains;1
957;182;252;216;land;false;plains;1
958;216;138;210;land;false;plains;1
959;141;192;181;land;true;plains;1
960;236;251;132;land;false;plains;1
961;115;250;186;land;false;plains;1
962;158;153;212;land;false;plains;1
963;221;110;242;land;false;plains;1
964;122;214;214;land;true;plains;1
965;218;187;154;land;false;plains;1
966;188;252;205;land;false;plains;1
967;36;221;248;land;false;plains;1
968;253;169;124;land;false;plains;1
969;186;243;102;land;false;plains;1
970;216;174;189;land;false;plains;1
971;167;240;208;land;true;plains;1
972;135;251;252;land;true;plains;1
973;36;245;245;land;false;plains;1
974;150;182;194;land;false;plains;1
975;220;234;231;land;false;plains;1
976;67;217;241;land;true;plains;1
977;172;114;236;land;false;plains;1
978;241;122;246;land;true;plains;1
979;221;237;234;land;false;plains;1
980;138;199;216;land;false;plains;1
981;222;223;79;land;false;plains;1
982;181;163;182;land;true;plains;1
983;186;252;121;land;false;plains;1
984;222;227;141;land;false;plains;1
985;226;102;205;land;true;plains;1
986;144;180;196;land;true;plains;1
987;118;216;171;land;false;plains;1
988;181;249;247;land;true;plains;1
989;202;212;121;land;false;plains;1
990;169;235;165;land;true;plains;1
991;253;83;179;land;false;plains;1
992;230;173;198;land;false;plains;1
993;201;223;171;land;false;plains;1
994;211;194;235;land;false;plains;1
995;221;158;123;land;false;plains;1
996;249;144;119;land;false;plains;1
997;220;42;254;land;true;plains;1
998;193;160;156;land;true;plains;1
999;192;221;174;land;false;plains;1
1000;221;202;187;land;false;plains;1
1001;244;246;122;land;true;plains;1
1002;233;90;197;land;false;plains;1
1003;209;250;166;land;false;plains;1
1004;224;227;125;land;false;plains;1
1005;180;150;179;land;false;plains;1
1006;240;32;229;land;false;plains;1
1007;163;228;111;land;false;plains;1
1008;229;243;159;land;true;plains;1
1009;221;224;234;land;true;plains;1
1010;150;119;252;land;false;plains;1
1011;247;108;210;land;true;plains;1
1012;78;221;239;land;false;plains;1
1013;130;252;141;land;true;plains;1
1014;141;234;170;land;false;plains;1
1015;186;73;243;land;false;plains;1
1016;214;179;157;land;true;plains;1
1017;227;186;182;land;false;plains;1
1018;176;141;247;land;true;plains;1
1019;146;214;252;land;true;plains;1
1020;174;246;109;land;true;plains;1
1021;112;246;149;land;false;plains;1
1022;194;247;107;land;true;plains;1
1023;238;134;239;land;true;plains;1
1024;126;168;227;land;true;plains;1
1025;222;152;144;land;false;plains;1
1026;180;90;234;land;false;plains;1
1027;233;156;236;land;true;plains;1
1028;14;247;248;land;false;plains;1
1029;230;254;52;land;true;plains;1
1030;222;214;163;land;false;plains;1
1031;135;148;236;land;false;plains;1
1032;205;130;216;land;false;plains;1
1033;206;140;198;land;false;plains;1
1034;221;156;198;land;false;plains;1
1035;86;229;226;land;false;plains;1
1036;230;185;122;land;false;plains;1
1037;240;68;220;land;false;plains;1
1038;224;172;195;land;false;plains;1
1039;157;117;245;land;true;plains;1
1040;201;108;225;land;false;plains;1
1041;252;197;174;land;false;plains;1
1042;230;223;153;land;true;plains;1
1043;223;197;110;land;false;plains;1
1044;244;39;224;land;false;plains;1
1045;235;229;38;land;true;plains;1
1046;209;113;189;land;true;plains;1
1047;226;133;181;land;true;plains;1
1048;192;235;199;land;true;plains;1
1049;242;250;110;land;true;plains;1
1050;147;239;213;land;true;plains;1
1051;231;140;205;land;true;plains;1
1052;241;181;246;land;true;plains;1
1053;228;254;123;land;false;plains;1
1054;189;180;178;land;true;plains;1
1055;191;176;180;land;true;plains;1
1056;218;173;243;land;false;plains;1
1057;219;152;190;land;false;plains;1
1058;239;159;138;land;true;plains;1
1059;215;226;92;land;true;plains;1
1060;231;187;200;land;false;plains;1
1061;219;202;84;land;true;plains;1
1062;223;188;131;land;false;plains;1
1063;191;248;116;land;false;plains;1
1064;247;145;135;land;true;plains;1
1065;233;179;168;land;true;plains;1
1066;234;87;251;land;false;plains;1
1067;219;248;183;land;true;plains;1
1068;199;146;213;land;false;plains;1
1069;253;248;64;land;false;plains;1
1070;162;201;234;land;false;plains;1
1071;113;149;254;land;true;plains;1
1072;242;189;79;land;false;plains;1
1073;205;209;187;land;false;plains;1
1074;174;146;246;land;false;plains;1
1075;178;88;248;land;false;plains;1
1076;150;205;236;land;true;plains;1
1077;232;252;201;land;false;plains;1
1078;243;202;189;land;false;plains;1
1079;208;116;206;land;false;plains;1
1080;173;247;247;land;false;plains;1
1081;97;229;222;land;false;plains;1
1082;141;237;167;land;false;plains;1
1083;126;221;254;land;false;plains;1
1084;218;175;253;land;false;plains;1
1085;244;244;247;land;false;plains;1
1086;177;154;171;land;false;plains;1
1087;242;229;201;land;false;plains;1
1088;249;205;63;land;false;plains;1
1089;196;86;252;land;false;plains;1
1090;235;207;213;land;false;plains;1
1091;181;241;212;land;false;plains;1
1092;180;202;182;land;true;plains;1
1093;218;208;209;land;false;plains;1
1094;188;193;134;land;true;plains;1
1095;207;165;134;land;false;plains;1
1096;228;168;107;land;false;plains;1
1097;247;78;253;land;false;plains;1
1098;213;239;155;land;true;plains;1
1099;180;203;215;land;false;plains;1
1100;109;243;168;land;false;plains;1
1101;166;183;231;land;false;plains;1
1102;187;209;176;land;false;plains;1
1103;246;157;131;land;false;plains;1
1104;222;241;213;land;false;plains;1
1105;248;109;229;land;false;plains;1
1106;130;189;182;land;false;plains;1
1107;175;187;151;land;false;plains;1
1108;181;157;232;land;false;plains;1
1109;80;237;206;land;true;plains;1
1110;161;145;246;land;false;plains;1
1111;180;244;237;land;false;plains;1
1112;217;190;165;land;false;plains;1
1113;218;73;224;land;true;plains;1
1114;122;232;235;land;false;plains;1
1115;229;27;253;land;true;plains;1
1116;122;215;203;land;true;plains;1
1117;233;115;198;land;false;plains;1
1118;138;214;157;land;true;plains;1
1119;111;224;254;land;false;plains;1
1120;171;237;117;land;true;plains;1
1121;105;179;236;land;true;plains;1
1122;250;177;188;land;true;plains;1
1123;174;191;236;land;true;plains;1
1124;87;248;224;land;true;plains;1
1125;112;241;242;land;true;plains;1
1126;236;183;238;land;true;plains;1
1127;15;242;245;land;true;plains;1
1128;93;178;252;land;true;plains;1
1129;214;223;117;land;true;plains;1
1130;207;124;242;land;true;plains;1
1131;245;241;237;land;true;plains;1
1132;180;211;237;land;true;plains;1
1133;210;106;194;land;true;plains;1
1134;204;110;235;land;true;plains;1
1135;179;184;185;land;true;plains;1
1136;43;10;0;sea;false;ocean;0
1137;7;23;29;sea;false;ocean;0
1138;33;59;3;sea;false;ocean;0
1139;55;31;13;sea;false;ocean;0
1140;27;4;19;sea;false;ocean;0
1141;36;2;61;sea;false;ocean;0
1142;17;76;0;sea;false;ocean;0
1143;0;45;5;sea;false;ocean;0
1144;14;32;49;sea;false;ocean;0
1145;55;15;19;sea;false;ocean;0
1146;37;12;23;sea;false;ocean;0
1147;7;0;80;sea;false;ocean;0
1148;14;48;33;sea;false;ocean;0
1149;34;39;26;sea;false;ocean;0
1150;32;8;34;sea;false;ocean;0
1151;33;57;4;sea;false;ocean;0
1152;70;3;9;sea;false;ocean;0
1153;11;60;15;sea;false;ocean;0
1154;15;58;6;sea;true;ocean;0
1155;8;7;15;sea;false;ocean;0
1156;13;22;38;sea;false;ocean;0
1157;20;29;3;sea;false;ocean;0
1158;6;14;27;sea;false;ocean;0
1159;14;51;0;sea;false;ocean;0
1160;0;20;35;sea;false;ocean;0
1161;33;42;23;sea;false;ocean;0
1162;19;1;16;sea;false;ocean;0
1163;38;9;42;sea;false;ocean;0
1164;19;8;7;sea;false;ocean;0
1165;2;31;7;sea;false;ocean;0
1166;0;47;14;sea;true;ocean;0
1167;14;1;69;sea;true;ocean;0
1168;22;24;23;sea;false;ocean;0
1169;5;45;48;sea;false;ocean;0
1170;34;2;58;sea;false;ocean;0
1171;7;80;7;sea;false;ocean;0
1172;31;64;4;sea;false;ocean;0
1173;8;85;2;sea;false;ocean;0
1174;25;19;5;sea;false;ocean;0
1175;29;4;20;sea;false;ocean;0
1176;80;6;1;sea;false;ocean;0
1177;54;5;7;sea;false;ocean;0
1178;30;40;19;sea;false;ocean;0
1179;72;2;1;sea;false;ocean;0
1180;36;7;14;sea;false;ocean;0
1181;6;58;17;sea;false;ocean;0
1182;56;19;18;sea;false;ocean;0
1183;14;67;7;sea;false;ocean;0
1184;18;36;24;sea;false;ocean;0
1185;6;30;41;sea;false;ocean;0
1186;4;45;34;sea;false;ocean;0
1187;5;41;46;sea;false;ocean;0
1188;6;35;16;sea;false;ocean;0
1189;2;63;0;sea;false;ocean;0
1190;4;23;32;sea;false;ocean;0
1191;8;22;5;sea;false;ocean;0
1192;57;36;5;sea;false;ocean;0
1193;19;23;12;sea;false;ocean;0
1194;3;8;23;sea;false;ocean;0
1195;24;3;31;sea;false;ocean;0
1196;8;0;22;sea;false;ocean;0
1197;29;62;8;sea;false;ocean;0
1198;10;22;42;sea;false;ocean;0
1199;20;50;8;sea;false;ocean;0
1200;20;0;12;sea;false;ocean;0
1201;8;6;33;sea;false;ocean;0
1202;22;38;27;sea;false;ocean;0
1203;25;2;50;sea;false;ocean;0
1204;10;59;12;sea;false;ocean;0
1205;17;25;23;sea;false;ocean;0
1206;12;44;7;sea;false;ocean;0
1207;13;33;30;sea;false;ocean;0
1208;10;1;61;sea;true;ocean;0
1209;6;26;23;sea;false;ocean;0
1210;17;32;28;sea;false;ocean;0
1211;61;26;0;sea;true;ocean;0
1212;1;1;69;sea;false;ocean;0
1213;78;4;6;sea;false;ocean;0
1214;37;11;16;sea;false;ocean;0
1215;36;51;4;sea;false;ocean;0
1216;12;15;61;sea;true;ocean;0
1217;7;33;11;sea;true;ocean;0
1218;17;11;54;sea;false;ocean;0
1219;9;34;23;sea;false;ocean;0
1220;3;70;7;sea;false;ocean;0
1221;0;85;6;sea;false;ocean;0
1222;27;32;10;sea;false;ocean;0
1223;52;0;34;sea;false;ocean;0
1224;41;33;0;sea;false;ocean;0
1225;47;26;25;sea;false;ocean;0
1226;19;18;13;sea;false;ocean;0
1227;39;0;1;sea;false;ocean;0
1228;8;0;72;sea;false;ocean;0
1229;13;0;8;sea;false;ocean;0
1230;22;34;35;sea;false;ocean;0
1231;18;20;46;sea;false;ocean;0
1232;77;20;1;sea;false;ocean;0
1233;88;4;2;sea;false;ocean;0
1234;3;27;68;sea;false;ocean;0
1235;24;0;6;sea;false;ocean;0
1236;21;29;46;sea;false;ocean;0
1237;30;25;16;sea;false;ocean;0
1238;25;15;17;sea;false;ocean;0
1239;15;26;14;sea;false;ocean;0
1240;51;16;6;sea;false;ocean;0
1241;51;28;20;sea;false;ocean;0
1242;42;14;27;sea;false;ocean;0
1243;7;45;36;sea;false;ocean;0
1244;5;61;4;sea;false;ocean;0
1245;12;40;21;sea;false;ocean;0
1246;25;40;19;sea;true;ocean;0
1247;4;69;20;sea;false;ocean;0
1248;15;46;37;sea;false;ocean;0
1249;30;60;9;sea;false;ocean;0
1250;33;10;40;sea;false;ocean;0
1251;15;52;22;sea;false;ocean;0
1252;12;12;50;sea;true;ocean;0
1253;11;6;40;sea;false;ocean;0
1254;64;4;9;sea;false;ocean;0
1255;40;6;31;sea;false;ocean;0
1256;8;31;59;sea;false;ocean;0
1257;51;1;11;sea;false;ocean;0
1258;1;27;44;sea;false;ocean;0
1259;14;15;10;sea;false;ocean;0
1260;6;53;11;sea;false;ocean;0
1261;15;16;15;sea;false;ocean;0
1262;2;0;32;sea;false;ocean;0
1263;44;38;6;sea;false;ocean;0
1264;36;9;51;sea;false;ocean;0
1265;21;4;61;sea;false;ocean;0
1266;42;34;20;sea;false;ocean;0
1267;47;3;20;sea;false;ocean;0
1268;16;20;53;sea;false;ocean;0
1269;12;0;61;sea;false;ocean;0
1270;14;36;49;sea;false;ocean;0
1271;0;63;28;sea;false;ocean;0
1272;3;8;61;sea;false;ocean;0
1273;4;57;14;sea;true;ocean;0
1274;26;21;18;sea;false;ocean;0
1275;73;6;10;sea;false;ocean;0
1276;28;9;61;sea;false;ocean;0
1277;14;67;5;sea;false;ocean;0
1278;3;6;40;sea;false;ocean;0
1279;33;28;8;sea;false;ocean;0
1280;47;20;9;sea;false;ocean;0
1281;13;0;36;sea;false;ocean;0
1282;24;34;32;sea;false;ocean;0
1283;22;3;62;sea;false;ocean;0
1284;20;35;43;sea;false;ocean;0
1285;7;29;34;sea;false;ocean;0
1286;17;20;33;sea;false;ocean;0
1287;11;36;49;sea;false;ocean;0
1288;0;9;34;sea;false;ocean;0
1289;38;37;12;sea;false;ocean;0
1290;44;16;25;sea;false;ocean;0
1291;19;38;29;sea;false;ocean;0
1292;0;54;25;sea;false;ocean;0
1293;42;4;20;sea;false;ocean;0
1294;8;13;49;sea;false;ocean;0
1295;4;16;16;sea;false;ocean;0
1296;34;34;5;sea;false;ocean;0
1297;1;16;72;sea;false;ocean;0
1298;4;49;17;sea;true;ocean;0
1299;43;14;5;sea;false;ocean;0
1300;21;12;12;sea;false;ocean;0
1301;7;1;18;sea;false;ocean;0
1302;83;7;0;sea;false;ocean;0
1303;60;26;8;sea;false;ocean;0
1304;17;29;8;sea;false;ocean;0
1305;44;11;31;sea;false;ocean;0
1306;43;7;16;sea;false;ocean;0
1307;19;33;9;sea;false;ocean;0
1308;14;0;17;sea;false;ocean;0
1309;0;10;64;sea;false;ocean;0
1310;23;20;9;sea;false;ocean;0
1311;27;7;50;sea;false;ocean;0
1312;37;10;28;sea;true;ocean;0
1313;2;20;61;sea;false;ocean;0
1314;73;7;10;sea;false;ocean;0
1315;59;28;3;sea;false;ocean;0
1316;14;19;15;sea;false;ocean;0
1317;15;9;35;sea;false;ocean;0
1318;2;15;42;sea;false;ocean;0
1319;81;9;2;sea;false;ocean;0
1320;27;54;6;sea;false;ocean;0
1321;4;56;9;sea;false;ocean;0
1322;0;18;58;sea;false;ocean;0
1323;37;49;12;sea;false;ocean;0
1324;66;8;12;sea;false;ocean;0
1325;5;8;85;sea;false;ocean;0
1326;1;61;15;sea;false;ocean;0
1327;6;10;41;sea;false;ocean;0
1328;67;4;19;sea;false;ocean;0
1329;57;34;4;sea;false;ocean;0
1330;36;43;9;sea;false;ocean;0
1331;55;16;2;sea;false;ocean;0
1332;8;23;49;sea;true;ocean;0
1333;16;1;18;sea;false;ocean;0
1334;29;16;33;sea;false;ocean;0
1335;9;46;25;sea;false;ocean;0
1336;30;34;5;sea;false;ocean;0
1337;32;50;5;sea;false;ocean;0
1338;14;29;27;sea;false;ocean;0
1339;19;52;28;sea;false;ocean;0
1340;12;23;44;sea;false;ocean;0
1341;23;19;33;sea;true;ocean;0
1342;4;31;57;sea;false;ocean;0
1343;50;28;11;sea;false;ocean;0
1344;32;16;28;sea;false;ocean;0
1345;60;10;12;sea;false;ocean;0
1346;18;39;41;sea;false;ocean;0
1347;29;27;19;sea;false;ocean;0
1348;25;23;48;sea;false;ocean;0
1349;26;45;10;sea;false;ocean;0
1350;12;45;4;sea;false;ocean;0
1351;5;5;69;sea;false;ocean;0
1352;13;10;33;sea;false;ocean;0
1353;37;36;4;sea;false;ocean;0
1354;12;26;36;sea;false;ocean;0
1355;25;11;51;sea;false;ocean;0
1356;51;13;27;sea;false;ocean;0
1357;25;36;1;sea;false;ocean;0
1358;14;8;65;sea;false;ocean;0
1359;29;39;16;sea;false;ocean;0
1360;3;13;67;sea;false;ocean;0
1361;37;5;51;sea;false;ocean;0
1362;53;2;38;sea;false;ocean;0
1363;17;72;0;sea;false;ocean;0
1364;25;19;35;sea;false;ocean;0
1365;61;13;7;sea;false;ocean;0
1366;42;44;3;sea;false;ocean;0
1367;0;57;32;sea;false;ocean;0
1368;22;5;37;sea;false;ocean;0
1369;58;0;11;sea;false;ocean;0
1370;16;30;9;sea;false;ocean;0
1371;34;21;41;sea;true;ocean;0
1372;23;47;18;sea;false;ocean;0
1373;43;14;24;sea;false;ocean;0
1374;3;70;6;sea;false;ocean;0
1375;26;10;13;sea;false;ocean;0
1376;47;15;26;sea;false;ocean;0
1377;1;19;52;sea;false;ocean;0
1378;12;36;11;sea;false;ocean;0
1379;0;77;20;sea;false;ocean;0
1380;11;5;48;sea;false;ocean;0
1381;5;2;64;sea;true;ocean;0
1382;30;12;41;sea;false;ocean;0
1383;17;62;10;sea;false;ocean;0
1384;13;51;24;sea;false;ocean;0
1385;4;47;1;sea;false;ocean;0
1386;43;3;32;sea;false;ocean;0
1387;20;2;13;sea;false;ocean;0
1388;21;34;30;sea;false;ocean;0
1389;15;51;3;sea;false;ocean;0
1390;21;17;43;sea;false;ocean;0
1391;16;46;24;sea;false;ocean;0
1392;47;20;12;sea;false;ocean;0
1393;13;28;13;sea;false;ocean;0
1394;18;40;41;sea;false;ocean;0
1395;70;0;5;sea;false;ocean;0
1396;43;50;2;sea;false;ocean;0
1397;41;25;1;sea;false;ocean;0
1398;66;4;21;sea;false;ocean;0
1399;29;41;6;sea;false;ocean;0
1400;21;48;10;sea;true;ocean;0
1401;16;9;60;sea;false;ocean;0
1402;33;36;15;sea;false;ocean;0
1403;12;41;40;sea;false;ocean;0
1404;37;4;3;sea;false;ocean;0
1405;22;32;8;sea;false;ocean;0
1406;1;6;1;sea;false;ocean;0
1407;62;15;6;sea;false;ocean;0
1408;9;53;27;sea;false;ocean;0
1409;5;11;77;sea;false;ocean;0
1410;15;17;17;sea;false;ocean;0
1411;23;23;40;sea;false;ocean;0
1412;25;5;48;sea;false;ocean;0
1413;7;1;83;sea;false;ocean;0
1414;7;57;23;sea;false;ocean;0
1415;1;11;76;sea;false;ocean;0
1416;34;11;21;sea;true;ocean;0
1417;0;8;23;sea;false;ocean;0
1418;24;13;55;sea;false;ocean;0
1419;14;35;34;sea;false;ocean;0
1420;50;36;6;sea;false;ocean;0
1421;59;1;36;sea;false;ocean;0
1422;39;13;16;sea;false;ocean;0
1423;7;48;11;sea;false;ocean;0
1424;6;9;77;sea;false;ocean;0
1425;21;15;27;sea;false;ocean;0
1426;14;36;36;sea;false;ocean;0
1427;21;64;8;sea;false;ocean;0
1428;57;19;13;sea;false;ocean;0
1429;16;48;10;sea;false;ocean;0
1430;33;12;28;sea;false;ocean;0
1431;19;67;5;sea;false;ocean;0
1432;16;19;36;sea;false;ocean;0
1433;16;50;6;sea;true;ocean;0
1434;26;3;44;sea;false;ocean;0
1435;3;21;60;sea;false;ocean;0
1436;13;16;30;sea;false;ocean;0
1437;53;13;16;sea;false;ocean;0
1438;6;13;14;sea;false;ocean;0
1439;8;19;70;sea;false;ocean;0
1440;7;15;67;sea;false;ocean;0
1441;54;23;1;sea;false;ocean;0
1442;27;16;56;sea;false;ocean;0
1443;21;48;13;sea;false;ocean;0
1444;7;59;7;sea;false;ocean;0
1445;6;45;8;sea;false;ocean;0
1446;20;9;59;sea;false;ocean;0
1447;26;24;41;sea;false;ocean;0
1448;0;10;13;sea;false;ocean;0
1449;12;48;36;sea;false;ocean;0
1450;12;5;18;sea;false;ocean;0
1451;3;52;29;sea;false;ocean;0
1452;30;6;29;sea;false;ocean;0
1453;2;2;45;sea;false;ocean;0
1454;25;20;19;sea;false;ocean;0
1455;14;57;18;sea;false;ocean;0
1456;14;74;8;sea;false;ocean;0
1457;2;7;66;sea;false;ocean;0
1458;14;68;5;sea;false;ocean;0
1459;50;2;24;sea;false;ocean;0
1460;11;68;2;sea;false;ocean;0
1461;11;19;38;sea;false;ocean;0
1462;40;9;29;sea;false;ocean;0
1463;59;33;0;sea;false;ocean;0
1464;63;3;31;sea;false;ocean;0
1465;28;43;1;sea;false;ocean;0
1466;38;5;42;sea;false;ocean;0
1467;0;1;38;sea;false;ocean;0
1468;16;3;15;sea;false;ocean;0
1469;0;31;2;sea;false;ocean;0
1470;23;46;1;sea;false;ocean;0
1471;5;8;13;sea;false;ocean;0
1472;11;43;0;sea;false;ocean;0
1473;29;5;12;sea;false;ocean;0
1474;21;2;12;sea;false;ocean;0
1475;10;12;40;sea;false;ocean;0
1476;7;26;20;sea;false;ocean;0
1477;13;49;6;sea;false;ocean;0
1478;16;34;49;sea;false;ocean;0
1479;41;16;16;sea;true;ocean;0
1480;21;13;27;sea;false;ocean;0
1481;0;52;40;sea;false;ocean;0
1482;47;14;37;sea;false;ocean;0
1483;12;5;56;sea;false;ocean;0
1484;0;30;62;sea;false;ocean;0
1485;0;18;61;sea;false;ocean;0
1486;31;35;7;sea;false;ocean;0
1487;11;4;30;sea;false;ocean;0
1488;73;7;13;sea;false;ocean;0
1489;1;3;83;sea;false;ocean;0
1490;1;28;49;sea;false;ocean;0
1491;40;31;14;sea;false;ocean;0
1492;29;9;3;sea;false;ocean;0
1493;31;4;20;sea;false;ocean;0
1494;38;21;32;sea;false;ocean;0
1495;23;63;3;sea;false;ocean;0
1496;50;25;3;sea;false;ocean;0
1497;7;71;21;sea;false;ocean;0
1498;9;74;15;sea;false;ocean;0
1499;40;30;1;sea;false;ocean;0
1500;13;37;5;sea;false;ocean;0
1501;68;8;9;sea;false;ocean;0
1502;48;1;47;sea;false;ocean;0
1503;14;13;24;sea;false;ocean;0
1504;12;32;22;sea;true;ocean;0
1505;39;12;27;sea;false;ocean;0
1506;57;2;31;sea;false;ocean;0
1507;18;27;11;sea;false;ocean;0
1508;17;43;20;sea;false;ocean;0
1509;12;3;65;sea;false;ocean;0
1510;62;14;3;sea;false;ocean;0
1511;84;1;14;sea;true;ocean;0
1512;32;16;35;sea;false;ocean;0
1513;2;70;6;sea;false;ocean;0
1514;6;11;47;sea;true;ocean;0
1515;1;43;17;sea;false;ocean;0
1516;57;32;2;sea;false;ocean;0
1517;47;17;12;sea;false;ocean;0
1518;39;32;10;sea;false;ocean;0
1519;8;13;58;sea;false;ocean;0
1520;38;13;36;sea;false;ocean;0
1521;26;20;32;sea;false;ocean;0
1522;11;7;44;sea;false;ocean;0
1523;7;8;68;sea;true;ocean;0
1524;55;26;13;sea;false;ocean;0
1525;25;47;10;sea;false;ocean;0
1526;40;28;19;sea;false;ocean;0
1527;6;17;35;sea;false;ocean;0
1528;28;15;28;sea;false;ocean;0
1529;8;48;0;sea;false;ocean;0
1530;17;26;6;sea;false;ocean;0
1531;12;26;6;sea;false;ocean;0
1532;10;18;33;sea;false;ocean;0
1533;22;25;13;sea;false;ocean;0
1534;25;0;1;sea;false;ocean;0
1535;3;22;23;sea;false;ocean;0
1536;14;32;12;sea;false;ocean;0
1537;31;10;15;sea;false;ocean;0
1538;8;54;34;sea;false;ocean;0
1539;34;11;6;sea;false;ocean;0
1540;30;59;1;sea;false;ocean;0
1541;13;24;46;sea;false;ocean;0
1542;62;11;2;sea;false;ocean;0
1543;18;32;18;sea;false;ocean;0
1544;7;1;52;sea;false;ocean;0
1545;38;26;28;sea;false;ocean;0
1546;32;24;27;sea;false;ocean;0
1547;83;0;9;sea;false;ocean;0
1548;42;11;29;sea;true;ocean;0
1549;21;10;59;sea;false;ocean;0
1550;15;8;56;sea;false;ocean;0
1551;36;16;45;sea;false;ocean;0
1552;40;21;23;sea;false;ocean;0
1553;21;1;68;sea;false;ocean;0
1554;12;1;72;sea;false;ocean;0
1555;11;11;30;sea;false;ocean;0
1556;5;87;4;sea;false;ocean;0
1557;11;5;27;sea;false;ocean;0
1558;36;2;47;sea;false;ocean;0
1559;32;44;13;sea;false;ocean;0
1560;29;11;29;sea;false;ocean;0
1561;12;7;38;sea;false;ocean;0
1562;9;9;26;sea;false;ocean;0
1563;10;19;35;sea;false;ocean;0
1564;10;41;48;sea;false;ocean;0
1565;1;51;5;sea;false;ocean;0
1566;11;5;45;sea;false;ocean;0
1567;4;23;22;sea;true;ocean;0
1568;19;33;14;sea;false;ocean;0
1569;10;58;27;sea;false;ocean;0
1570;19;51;12;sea;false;ocean;0
1571;30;18;16;sea;false;ocean;0
1572;6;50;11;sea;false;ocean;0
1573;5;17;62;sea;false;ocean;0
1574;11;6;16;sea;false;ocean;0
1575;29;25;2;sea;false;ocean;0
1576;3;20;33;sea;false;ocean;0
1577;9;18;34;sea;true;ocean;0
1578;8;37;52;sea;false;ocean;0
1579;43;26;14;sea;false;ocean;0
1580;35;19;26;sea;false;ocean;0
1581;17;65;15;sea;false;ocean;0
1582;2;32;9;sea;false;ocean;0
1583;6;22;47;sea;false;ocean;0
1584;32;41;26;sea;false;ocean;0
1585;39;14;30;sea;false;ocean;0
1586;2;27;17;sea;false;ocean;0
1587;12;24;23;sea;false;ocean;0
1588;70;26;3;sea;false;ocean;0
1589;36;39;19;sea;false;ocean;0
1590;32;43;12;sea;false;ocean;0
1591;35;37;4;sea;false;ocean;0
1592;42;5;20;sea;false;ocean;0
1593;4;42;24;sea;false;ocean;0
1594;23;41;11;sea;false;ocean;0
1595;0;80;3;sea;false;ocean;0
1596;4;65;10;sea;false;ocean;0
1597;60;12;4;sea;false;ocean;0
1598;12;16;46;sea;false;ocean;0
1599;26;43;29;sea;false;ocean;0
1600;48;20;5;sea;false;ocean;0
1601;2;13;73;sea;false;ocean;0
1602;12;23;62;sea;false;ocean;0
1603;14;68;10;sea;false;ocean;0
1604;36;20;23;sea;false;ocean;0
1605;23;56;13;sea;false;ocean;0
1606;10;62;3;sea;false;ocean;0
1607;16;15;42;sea;false;ocean;0
1608;10;9;55;sea;false;ocean;0
1609;35;11;34;sea;false;ocean;0
1610;34;56;1;sea;false;ocean;0
1611;28;2;32;sea;false;ocean;0
1612;41;34;21;sea;false;ocean;0
1613;10;28;6;sea;false;ocean;0
1614;36;16;21;sea;false;ocean;0
1615;10;4;43;sea;false;ocean;0
1616;4;50;12;sea;false;ocean;0
1617;8;51;9;sea;false;ocean;0
1618;57;1;24;sea;false;ocean;0
1619;32;45;18;sea;false;ocean;0
1620;11;12;61;sea;false;ocean;0
1621;25;1;41;sea;false;ocean;0
1622;0;8;24;sea;true;ocean;0
1623;9;11;2;sea;false;ocean;0
1624;49;39;2;sea;true;ocean;0
1625;25;11;50;sea;false;ocean;0
1626;2;20;70;sea;false;ocean;0
1627;35;2;32;sea;false;ocean;0
1628;5;23;4;sea;false;ocean;0
1629;39;14;45;sea;false;ocean;0
1630;15;9;12;sea;false;ocean;0
1631;2;8;26;sea;true;ocean;0
1632;30;21;45;sea;false;ocean;0
1633;1;46;6;sea;false;ocean;0
1634;24;58;2;sea;false;ocean;0
1635;27;18;9;sea;false;ocean;0
1636;21;9;66;sea;false;ocean;0
1637;5;53;5;sea;false;ocean;0
1638;1;43;55;sea;false;ocean;0
1639;30;8;32;sea;false;ocean;0
1640;7;24;9;sea;false;ocean;0
1641;57;26;6;sea;false;ocean;0
1642;23;49;10;sea;false;ocean;0
1643;12;9;44;sea;false;ocean;0
1644;17;17;26;sea;false;ocean;0
1645;23;22;36;sea;false;ocean;0
1646;25;18;7;sea;false;ocean;0
1647;10;45;24;sea;true;ocean;0
1648;15;76;7;sea;false;ocean;0
1649;21;35;15;sea;false;ocean;0
1650;29;19;49;sea;false;ocean;0
1651;45;37;11;sea;false;ocean;0
1652;30;16;52;sea;false;ocean;0
1653;41;13;17;sea;false;ocean;0
1654;20;31;12;sea;false;ocean;0
1655;59;21;16;sea;false;ocean;0
1656;17;21;20;sea;false;ocean;0
1657;22;0;33;sea;false;ocean;0
1658;63;15;6;sea;false;ocean;0
1659;40;17;34;sea;false;ocean;0
1660;8;29;4;sea;false;ocean;0
1661;7;35;42;sea;false;ocean;0
1662;32;25;15;sea;false;ocean;0
1663;29;50;11;sea;false;ocean;0
1664;5;33;38;sea;true;ocean;0
1665;17;3;1;sea;false;ocean;0
1666;0;47;11;sea;false;ocean;0
1667;15;38;28;sea;false;ocean;0
1668;12;37;22;sea;false;ocean;0
1669;2;79;3;sea;false;ocean;0
1670;12;8;36;sea;true;ocean;0
1671;5;1;76;sea;false;ocean;0
1672;51;12;26;sea;false;ocean;0
1673;37;2;41;sea;false;ocean;0
1674;20;38;16;sea;false;ocean;0
1675;10;32;37;sea;false;ocean;0
1676;17;20;50;sea;false;ocean;0
1677;48;17;5;sea;false;ocean;0
1678;35;0;30;sea;false;ocean;0
1679;22;20;24;sea;false;ocean;0
1680;2;2;20;sea;false;ocean;0
1681;12;64;1;sea;false;ocean;0
1682;9;34;39;sea;false;ocean;0
1683;6;65;26;sea;false;ocean;0
1684;5;7;80;sea;false;ocean;0
1685;28;4;61;sea;false;ocean;0
1686;2;16;52;sea;true;ocean;0
1687;10;2;13;sea;false;ocean;0
1688;29;15;49;sea;false;ocean;0
1689;23;53;8;sea;false;ocean;0
1690;71;5;16;sea;false;ocean;0
1691;32;23;31;sea;false;ocean;0
1692;9;27;58;sea;false;ocean;0
1693;6;35;55;sea;false;ocean;0
1694;11;24;34;sea;false;ocean;0
1695;7;13;72;sea;false;ocean;0
1696;20;26;28;sea;false;ocean;0
1697;22;21;34;sea;false;ocean;0
1698;2;11;16;sea;false;ocean;0
1699;7;26;25;sea;false;ocean;0
1700;60;3;15;sea;false;ocean;0
1701;0;69;1;sea;true;ocean;0
1702;35;7;20;sea;false;ocean;0
1703;14;37;4;sea;false;ocean;0
1704;40;24;35;sea;false;ocean;0
1705;44;29;8;sea;false;ocean;0
1706;43;33;16;sea;false;ocean;0
1707;47;45;6;sea;false;ocean;0
1708;2;47;8;sea;false;ocean;0
1709;3;16;40;sea;false;ocean;0
1710;40;0;18;sea;false;ocean;0
1711;38;13;4;sea;true;ocean;0
1712;28;14;46;sea;false;ocean;0
1713;13;62;21;sea;false;ocean;0
1714;0;4;91;sea;false;ocean;0
1715;48;19;17;sea;false;ocean;0
1716;40;6;24;sea;false;ocean;0
1717;24;13;3;sea;false;ocean;0
1718;9;20;19;sea;true;ocean;0
1719;49;37;12;sea;false;ocean;0
1720;36;3;30;sea;false;ocean;0
1721;0;56;15;sea;false;ocean;0
1722;24;30;8;sea;false;ocean;0
1723;27;43;10;sea;false;ocean;0
1724;12;9;73;sea;false;ocean;0
1725;12;1;59;sea;false;ocean;0
1726;69;27;1;sea;false;ocean;0
1727;28;49;19;sea;false;ocean;0
1728;58;7;18;sea;false;ocean;0
1729;49;43;7;sea;true;ocean;0
1730;1;37;2;sea;false;ocean;0
1731;22;54;14;sea;false;ocean;0
1732;4;33;5;sea;true;ocean;0
1733;24;7;10;sea;true;ocean;0
1734;6;40;16;sea;false;ocean;0
1735;68;1;17;sea;true;ocean;0
1736;29;29;40;sea;false;ocean;0
1737;21;23;43;sea;false;ocean;0
1738;7;18;60;sea;false;ocean;0
1739;40;0;11;sea;false;ocean;0
1740;12;4;78;sea;false;ocean;0
1741;0;5;53;sea;false;ocean;0
1742;15;41;41;sea;false;ocean;0
1743;50;4;38;sea;false;ocean;0
1744;22;4;16;sea;false;ocean;0
1745;25;7;25;sea;false;ocean;0
1746;5;2;43;sea;false;ocean;0
1747;49;18;23;sea;false;ocean;0
1748;33;7;38;sea;false;ocean;0
1749;52;3;21;sea;false;ocean;0
1750;24;6;32;sea;false;ocean;0
1751;61;26;1;sea;true;ocean;0
1752;4;39;3;sea;false;ocean;0
1753;16;40;24;sea;true;ocean;0
1754;27;38;30;sea;false;ocean;0
1755;15;36;22;sea;false;ocean;0
1756;32;56;7;sea;false;ocean;0
1757;37;32;17;sea;true;ocean;0
1758;29;38;7;sea;false;ocean;0
1759;20;50;13;sea;false;ocean;0
1760;8;11;12;sea;false;ocean;0
1761;22;16;41;sea;false;ocean;0
1762;27;3;20;sea;false;ocean;0
1763;44;36;17;sea;false;ocean;0
1764;44;20;30;sea;false;ocean;0
1765;48;9;0;sea;true;ocean;0
1766;34;7;28;sea;false;ocean;0
1767;4;31;36;sea;false;ocean;0
1768;15;47;26;sea;false;ocean;0
1769;14;1;81;sea;false;ocean;0
1770;24;8;55;sea;false;ocean;0
1771;17;28;46;sea;false;ocean;0
1772;81;9;5;sea;false;ocean;0
1773;19;21;16;sea;false;ocean;0
1774;26;47;13;sea;false;ocean;0
1775;19;26;33;sea;true;ocean;0
1776;31;16;42;sea;false;ocean;0
1777;20;15;33;sea;false;ocean;0
1778;76;3;11;sea;false;ocean;0
1779;36;7;30;sea;false;ocean;0
1780;22;22;15;sea;false;ocean;0
1781;11;47;14;sea;false;ocean;0
1782;7;49;22;sea;false;ocean;0
1783;42;8;29;sea;false;ocean;0
1784;30;16;8;sea;false;ocean;0
1785;24;35;5;sea;false;ocean;0
1786;27;11;41;sea;false;ocean;0
1787;5;6;78;sea;false;ocean;0
1788;33;13;26;sea;false;ocean;0
1789;61;6;5;sea;false;ocean;0
1790;54;17;23;sea;false;ocean;0
1791;40;46;5;sea;true;ocean;0
1792;52;14;26;sea;false;ocean;0
1793;14;34;6;sea;false;ocean;0
1794;42;16;8;sea;false;ocean;0
1795;13;73;2;sea;false;ocean;0
1796;5;1;30;sea;false;ocean;0
1797;4;21;43;sea;false;ocean;0
1798;40;12;26;sea;false;ocean;0
1799;31;36;19;sea;true;ocean;0
1800;14;56;9;sea;false;ocean;0
1801;24;41;0;sea;false;ocean;0
1802;18;26;31;sea;false;ocean;0
1803;14;57;12;sea;false;ocean;0
1804;48;34;6;sea;true;ocean;0
1805;9;7;15;sea;false;ocean;0
1806;11;66;1;sea;false;ocean;0
1807;46;23;19;sea;true;ocean;0
1808;54;5;38;sea;false;ocean;0
1809;12;44;39;sea;false;ocean;0
1810;64;1;12;sea;false;ocean;0
1811;62;1;28;sea;false;ocean;0
1812;56;20;17;sea;false;ocean;0
1813;23;2;3;sea;false;ocean;0
1814;7;8;59;sea;false;ocean;0
1815;1;5;24;sea;false;ocean;0
1816;44;12;36;sea;false;ocean;0
1817;29;0;53;sea;false;ocean;0
1818;36;10;16;sea;false;ocean;0
1819;25;20;39;sea;false;ocean;0
1820;53;13;29;sea;false;ocean;0
1821;19;17;12;sea;false;ocean;0
1822;40;7;19;sea;false;ocean;0
1823;7;55;14;sea;false;ocean;0
1824;80;14;2;sea;false;ocean;0
1825;51;20;10;sea;false;ocean;0
1826;62;10;1;sea;false;ocean;0
1827;14;50;21;sea;false;ocean;0
1828;27;35;3;sea;false;ocean;0
1829;6;1;88;sea;false;ocean;0
1830;43;10;31;sea;false;ocean;0
1831;14;40;4;sea;false;ocean;0
1832;30;9;51;sea;false;ocean;0
1833;31;22;6;sea;false;ocean;0
1834;12;35;21;sea;false;ocean;0
1835;9;14;66;sea;false;ocean;0
1836;41;21;3;sea;false;ocean;0
1837;13;41;21;sea;false;ocean;0
1838;1;23;53;sea;false;ocean;0
1839;17;3;39;sea;false;ocean;0
1840;10;31;2;sea;false;ocean;0
1841;4;67;14;sea;false;ocean;0
1842;16;1;44;sea;false;ocean;0
1843;31;19;7;sea;false;ocean;0
1844;39;18;12;sea;false;ocean;0
1845;27;25;9;sea;false;ocean;0
1846;9;48;14;sea;false;ocean;0
1847;24;9;5;sea;false;ocean;0
1848;61;5;26;sea;false;ocean;0
1849;8;67;1;sea;false;ocean;0
1850;53;26;18;sea;false;ocean;0
1851;37;16;39;sea;false;ocean;0
1852;12;65;11;sea;false;ocean;0
1853;54;11;33;sea;false;ocean;0
1854;28;3;44;sea;false;ocean;0
1855;6;55;1;sea;false;ocean;0
1856;12;43;13;sea;false;ocean;0
1857;52;33;4;sea;false;ocean;0
1858;4;16;19;sea;false;ocean;0
1859;21;50;6;sea;true;ocean;0
1860;5;7;64;sea;false;ocean;0
1861;27;44;9;sea;false;ocean;0
1862;31;4;10;sea;false;ocean;0
1863;7;29;54;sea;false;ocean;0
1864;8;43;42;sea;false;ocean;0
1865;26;24;11;sea;false;ocean;0
1866;47;22;21;sea;true;ocean;0
1867;3;12;46;sea;false;ocean;0
1868;35;11;25;sea;false;ocean;0
1869;42;7;15;sea;false;ocean;0
1870;40;3;19;sea;false;ocean;0
1871;17;17;65;sea;false;ocean;0
1872;22;12;13;sea;false;ocean;0
1873;0;12;61;sea;false;ocean;0
1874;42;11;37;sea;false;ocean;0
1875;42;10;44;sea;false;ocean;0
1876;34;15;6;sea;false;ocean;0
1877;6;50;22;sea;false;ocean;0
1878;6;60;18;sea;false;ocean;0
1879;10;6;38;sea;true;ocean;0
1880;0;76;16;sea;false;ocean;0
1881;26;0;29;sea;false;ocean;0
1882;12;34;16;sea;false;ocean;0
1883;22;43;5;sea;false;ocean;0
1884;26;12;59;sea;false;ocean;0
1885;52;15;21;sea;false;ocean;0
1886;8;24;26;sea;false;ocean;0
1887;36;18;43;sea;false;ocean;0
1888;6;6;33;sea;false;ocean;0
1889;22;28;14;sea;false;ocean;0
1890;27;5;50;sea;false;ocean;0
1891;25;6;23;sea;false;ocean;0
1892;33;0;17;sea;false;ocean;0
1893;40;30;29;sea;false;ocean;0
1894;4;68;7;sea;false;ocean;0
1895;4;43;6;sea;false;ocean;0
1896;10;61;12;sea;false;ocean;0
1897;19;0;34;sea;false;ocean;0
1898;8;12;3;sea;false;ocean;0
1899;3;4;73;sea;false;ocean;0
1900;39;16;31;sea;true;ocean;0
1901;30;13;53;sea;false;ocean;0
1902;20;4;25;sea;false;ocean;0
1903;21;10;58;sea;false;ocean;0
1904;63;29;6;sea;false;ocean;0
1905;18;24;56;sea;false;ocean;0
1906;4;37;19;sea;false;ocean;0
1907;23;24;37;sea;false;ocean;0
1908;21;17;13;sea;false;ocean;0
1909;35;24;15;sea;false;ocean;0
1910;46;7;6;sea;false;ocean;0
1911;45;5;15;sea;false;ocean;0
1912;5;37;36;sea;false;ocean;0
1913;60;1;1;sea;false;ocean;0
1914;29;24;34;sea;false;ocean;0
1915;32;3;2;sea;false;ocean;0
1916;11;4;33;sea;false;ocean;0
1917;38;3;1;sea;false;ocean;0
1918;25;16;20;sea;false;ocean;0
1919;40;22;7;sea;false;ocean;0
1920;12;63;21;sea;false;ocean;0
1921;36;39;9;sea;false;ocean;0
1922;16;26;23;sea;false;ocean;0
1923;60;5;8;sea;false;ocean;0
1924;10;33;25;sea;false;ocean;0
1925;2;91;0;sea;false;ocean;0
1926;57;28;13;sea;false;ocean;0
1927;28;33;12;sea;false;ocean;0
1928;21;51;1;sea;false;ocean;0
1929;34;27;23;sea;false;ocean;0
1930;25;25;27;sea;false;ocean;0
1931;24;29;8;sea;false;ocean;0
1932;13;31;10;sea;false;ocean;0
1933;48;36;5;sea;false;ocean;0
1934;21;5;66;sea;true;ocean;0
1935;72;1;26;sea;false;ocean;0
1936;22;16;17;sea;false;ocean;0
1937;59;13;12;sea;false;ocean;0
1938;44;0;15;sea;false;ocean;0
1939;1;12;27;sea;false;ocean;0
1940;54;31;5;sea;false;ocean;0
1941;6;43;1;sea;false;ocean;0
1942;2;54;10;sea;false;ocean;0
1943;32;11;50;sea;false;ocean;0
1944;69;3;22;sea;true;ocean;0
1945;28;50;6;sea;false;ocean;0
1946;52;16;11;sea;false;ocean;0
1947;32;12;39;sea;false;ocean;0
1948;32;0;31;sea;true;ocean;0
1949;52;35;1;sea;false;ocean;0
1950;35;52;4;sea;false;ocean;0
1951;43;30;8;sea;false;ocean;0
1952;6;25;57;sea;false;ocean;0
1953;26;33;0;sea;true;ocean;0
1954;2;53;18;sea;false;ocean;0
1955;2;3;32;sea;false;ocean;0
1956;15;8;16;sea;true;ocean;0
1957;11;46;0;sea;false;ocean;0
1958;8;27;24;sea;false;ocean;0
1959;11;22;11;sea;false;ocean;0
1960;18;14;19;sea;false;ocean;0
1961;18;15;12;sea;true;ocean;0
1962;20;45;30;sea;false;ocean;0
1963;16;26;39;sea;false;ocean;0
1964;12;35;9;sea;false;ocean;0
1965;4;8;10;sea;false;ocean;0
1966;8;43;13;sea;false;ocean;0
1967;36;5;2;sea;false;ocean;0
1968;50;11;31;sea;true;ocean;0
1969;1;52;11;sea;false;ocean;0
1970;57;27;15;sea;false;ocean;0
1971;45;28;6;sea;false;ocean;0
1972;0;51;30;sea;false;ocean;0
1973;35;3;51;sea;false;ocean;0
1974;50;9;7;sea;false;ocean;0
1975;76;2;10;sea;false;ocean;0
1976;41;0;51;sea;false;ocean;0
1977;6;17;34;sea;false;ocean;0
1978;127;13;4;lake;false;lakes;0
1979;36;44;50;lake;false;lakes;0
1980;38;8;74;lake;false;lakes;0
1981;33;26;71;lake;false;lakes;0
1982;58;53;1;lake;false;lakes;0
1983;57;60;28;lake;false;lakes;0
1984;40;58;22;lake;false;lakes;0
1985;74;48;24;lake;false;lakes;0
1986;26;75;35;lake;false;lakes;0
1987;27;90;19;lake;false;lakes;0
1988;25;72;12;lake;false;lakes;0
1989;54;75;1;lake;false;lakes;0
1990;49;87;9;lake;false;lakes;0
